<?xml version="1.0" encoding="UTF-8"?>
<!-- Generated by eXe - http://exelearning.net -->
<manifest identifier="eXentropython60c9975c27bfd71338b" xmlns="http://www.imsproject.org/xsd/imscp_rootv1p1p2" xmlns:adlcp="http://www.adlnet.org/xsd/adlcp_rootv1p2" xmlns:imsmd="http://www.imsglobal.org/xsd/imsmd_v1p2" xmlns:xsi="http://www.w3.org/2001/XMLSchema-instance" xsi:schemaLocation="http://www.imsproject.org/xsd/imscp_rootv1p1p2 imscp_rootv1p1p2.xsd http://www.imsglobal.org/xsd/imsmd_rootv1p2p1 imsmd_rootv1p2p1.xsd http://www.adlnet.org/xsd/adlcp_rootv1p2 adlcp_rootv1p2.xsd" > 
<metadata> 
 <schema>ADL SCORM</schema> 
 <schemaversion>1.2</schemaversion> 
 <adlcp:location>imslrm.xml</adlcp:location> 
</metadata> 
<organizations default="eXentropython60c9975c27bfd71338c">  
    <organization identifier="eXentropython60c9975c27bfd71338c" structure="hierarchical">
        <title>Actividades de la Semana 1</title>
<item identifier="ITEM-eXentropython60c9975c27bfd71338d" isvisible="true" identifierref="RES-eXentropython60c9975c27bfd71338e">
    <title>Semana 2: Introducción al Lenguaje Python</title>
<item identifier="ITEM-eXentropython60c9975c27bfd71339f" isvisible="true" identifierref="RES-eXentropython60c9975c27bfd7133910">
    <title>1. Introducción a Python</title>
</item>
<item identifier="ITEM-eXentropython60c9975c27bfd7133911" isvisible="true" identifierref="RES-eXentropython60c9975c27bfd7133912">
    <title>2.1. Mi primer Programa en Python</title>
</item>
<item identifier="ITEM-eXentropython60c9975c27bfd7133913" isvisible="true" identifierref="RES-eXentropython60c9975c27bfd7133914">
    <title>2.2. Variables y tipos de datos</title>
</item>
</item>
  </organization>
</organizations>
<resources>
  <resource identifier="RES-eXentropython60c9975c27bfd71338e" type="webcontent" adlcp:scormtype="sco" href="index.html"> 
    <file href="index.html"/> 
    <file href="exe_html5.js"/>
    <dependency identifierref="COMMON_FILES"/>
  </resource>
  <resource identifier="RES-eXentropython60c9975c27bfd7133910" type="webcontent" adlcp:scormtype="sco" href="1_introduccin_a_python.html"> 
    <file href="1_introduccin_a_python.html"/> 
    <file href="exe_html5.js"/>
    <file href="img0.png"/>
    <file href="img1.png"/>
    <dependency identifierref="COMMON_FILES"/>
  </resource>
  <resource identifier="RES-eXentropython60c9975c27bfd7133912" type="webcontent" adlcp:scormtype="sco" href="21_mi_primer_programa_en_python.html"> 
    <file href="21_mi_primer_programa_en_python.html"/> 
    <file href="exe_html5.js"/>
    <dependency identifierref="COMMON_FILES"/>
  </resource>
  <resource identifier="RES-eXentropython60c9975c27bfd7133914" type="webcontent" adlcp:scormtype="sco" href="22_variables_y_tipos_de_datos.html"> 
    <file href="22_variables_y_tipos_de_datos.html"/> 
    <file href="exe_html5.js"/>
    <dependency identifierref="COMMON_FILES"/>
  </resource>
  <resource identifier="COMMON_FILES" type="webcontent" adlcp:scormtype="asset">
    <file href="config.xml"/>
    <file href="content.css"/>
    <file href="EncodeSans-Light_latin-ext.woff2"/>
    <file href="EncodeSans-Light_latin.woff2"/>
    <file href="EncodeSans-Light_vietnamese.woff2"/>
    <file href="icon_account.png"/>
    <file href="icon_account_black.png"/>
    <file href="icon_account_white.png"/>
    <file href="icon_alarm.png"/>
    <file href="icon_alarm_black.png"/>
    <file href="icon_alarm_white.png"/>
    <file href="icon_announcement.png"/>
    <file href="icon_announcement_black.png"/>
    <file href="icon_announcement_white.png"/>
    <file href="icon_assessment.png"/>
    <file href="icon_assessment_black.png"/>
    <file href="icon_assessment_white.png"/>
    <file href="icon_assignment.png"/>
    <file href="icon_assignment_black.png"/>
    <file href="icon_assignment_list.png"/>
    <file href="icon_assignment_list_black.png"/>
    <file href="icon_assignment_list_white.png"/>
    <file href="icon_assignment_white.png"/>
    <file href="icon_backup.png"/>
    <file href="icon_backup_black.png"/>
    <file href="icon_backup_white.png"/>
    <file href="icon_camera.png"/>
    <file href="icon_camera_black.png"/>
    <file href="icon_camera_white.png"/>
    <file href="icon_description.png"/>
    <file href="icon_description_black.png"/>
    <file href="icon_description_white.png"/>
    <file href="icon_download.png"/>
    <file href="icon_download_black.png"/>
    <file href="icon_download_white.png"/>
    <file href="icon_event.png"/>
    <file href="icon_event_black.png"/>
    <file href="icon_event_white.png"/>
    <file href="icon_exit.png"/>
    <file href="icon_exit_black.png"/>
    <file href="icon_exit_white.png"/>
    <file href="icon_explore.png"/>
    <file href="icon_explore_black.png"/>
    <file href="icon_explore_white.png"/>
    <file href="icon_info.png"/>
    <file href="icon_info_black.png"/>
    <file href="icon_info_white.png"/>
    <file href="icon_media.png"/>
    <file href="icon_media_black.png"/>
    <file href="icon_media_white.png"/>
    <file href="icon_note.png"/>
    <file href="icon_note_black.png"/>
    <file href="icon_note_white.png"/>
    <file href="icon_puzzle.png"/>
    <file href="icon_puzzle_black.png"/>
    <file href="icon_puzzle_white.png"/>
    <file href="icon_question.png"/>
    <file href="icon_question_black.png"/>
    <file href="icon_question_white.png"/>
    <file href="icon_renew.png"/>
    <file href="icon_renew_black.png"/>
    <file href="icon_renew_white.png"/>
    <file href="icon_search.png"/>
    <file href="icon_search_black.png"/>
    <file href="icon_search_white.png"/>
    <file href="icon_star.png"/>
    <file href="icon_star_black.png"/>
    <file href="icon_star_white.png"/>
    <file href="icon_unread.png"/>
    <file href="icon_unread_black.png"/>
    <file href="icon_unread_white.png"/>
    <file href="icon_wifi.png"/>
    <file href="icon_wifi_black.png"/>
    <file href="icon_wifi_white.png"/>
    <file href="nav.css"/>
    <file href="_style_icons.png"/>
    <file href="_style_icons_black.png"/>
    <file href="_style_icons_white.png"/>
    <file href="_style_input_checkbox.png"/>
    <file href="_style_input_radio.png"/>
    <file href="_style_js.js"/>
    <file href="_style_licenses.png"/>
    <file href="base.css"/>
    <file href="popup_bg.gif"/>
    <file href="SCORM_API_wrapper.js"/>
    <file href="SCOFunctions.js"/>
    <file href="common.js"/>
    <file href="common_i18n.js"/>
    <file href="exe_jquery.js"/>
    <file href="content.xsd"/>
    <file href="content.data"/>
    <file href="contentv3.xml"/>
    <file href="imslrm.xml"/>
  </resource>
</resources>
</manifest>
